0,1,2,3,4,5,6,7,8,9,10,11,12,13,14,15,16,17,18
1.0,0.0,1.0,0.0,0.0,1.0,0.0,1.0,0.0,0.0,1.0,0.0,0.0,1.0,-1.3947304725761036,-0.3542568811194812,-1.601854267760541,-0.05132613045588162,-1.1517016748339826
1.0,0.0,0.0,1.0,0.0,0.0,1.0,0.0,0.0,1.0,0.0,1.0,1.0,0.0,0.2629284829795599,-0.2669714932662972,0.5178890266928308,-1.326411988170385,-0.03847026359378215
1.0,0.0,0.0,1.0,0.0,1.0,0.0,1.0,0.0,0.0,0.0,1.0,1.0,0.0,0.5392049755721704,1.042309324531463,-0.14453075282384795,1.7082923531901328,-0.01144188335122856
0.0,1.0,1.0,0.0,0.0,1.0,0.0,1.0,0.0,0.0,1.0,0.0,0.0,1.0,-0.013348009613050698,-0.2669714932662972,0.7828569384995022,-1.2514069377165908,-0.3070647922541648
0.0,1.0,0.0,1.0,0.0,1.0,0.0,1.0,0.0,0.0,1.0,0.0,1.0,0.0,1.23910542347345,1.391450875944199,1.5247670915581815,1.3737698281662105,2.0714326690906018
0.0,1.0,0.0,1.0,0.0,1.0,0.0,1.0,0.0,0.0,1.0,0.0,1.0,0.0,-0.473808830600735,-0.2669714932662972,-0.2770147087271837,-0.42635138272485323,-0.8780393248781208
1.0,0.0,0.0,1.0,0.0,1.0,0.0,1.0,0.0,0.0,0.0,1.0,1.0,0.0,0.649715572609215,1.880249047922029,1.4783977069920147,0.18869003099626044,0.6473748850610302
0.0,1.0,1.0,0.0,0.0,0.0,1.0,0.0,0.0,1.0,1.0,0.0,1.0,0.0,0.7602261696462594,-0.4851849628992572,2.372664409339531,1.8988051813427709,0.5105437100830994
0.0,1.0,0.0,1.0,0.0,0.0,1.0,1.0,0.0,0.0,1.0,0.0,0.0,1.0,0.5392049755721704,-0.7033984325322172,-0.012046796920512217,-1.4239185537603176,-0.9067569788858348
0.0,1.0,0.0,1.0,0.0,0.0,1.0,0.0,0.0,1.0,1.0,0.0,1.0,0.0,0.8615275502635494,2.7618314652391884,1.6916968759963853,1.8538021510704947,1.990347528362941
1.0,0.0,0.0,1.0,0.0,1.0,0.0,1.0,0.0,0.0,1.0,0.0,1.0,0.0,-0.3540890171439373,1.0711135025230136,1.0478248503061736,0.548714273174473,2.0832575854467206
0.0,1.0,0.0,1.0,0.0,0.0,1.0,1.0,0.0,0.0,1.0,0.0,0.0,1.0,-0.8421774873908824,-2.2745354138895295,-0.9394344882438623,0.02367891999791271,-0.5773485946797055
1.0,0.0,1.0,0.0,0.0,1.0,0.0,1.0,0.0,0.0,1.0,0.0,1.0,0.0,-0.473808830600735,0.08217005814643885,-1.071918444147198,0.32369912181309,-1.847682466079752
0.0,1.0,0.0,1.0,1.0,0.0,0.0,1.0,0.0,0.0,0.0,1.0,1.0,0.0,-0.6579931589958087,0.08217005814643885,0.5178890266928308,-1.6654348162215358,2.6457857492448786
1.0,0.0,1.0,0.0,0.0,0.0,1.0,0.0,0.0,1.0,0.0,1.0,1.0,0.0,0.5392049755721704,0.6058823852655429,-0.012046796920512217,-0.20133623136347029,0.9869189118581154
1.0,0.0,0.0,1.0,0.0,1.0,0.0,1.0,0.0,0.0,1.0,0.0,1.0,0.0,0.3089745650783283,-0.3106141871928892,-0.6744665764371909,1.5920345249867518,1.1490891933134417
1.0,0.0,1.0,0.0,0.0,0.0,1.0,1.0,0.0,0.0,0.0,1.0,1.0,0.0,0.6312971397697074,0.3440262217059909,0.7828569384995022,-0.9513867359014135,-0.8425645758097683
1.0,0.0,1.0,0.0,0.0,1.0,0.0,0.0,0.0,1.0,1.0,0.0,0.0,1.0,0.23530083372029909,-1.6635376989172415,0.8755957076318376,0.47370922272067867,-0.5047098227778413
0.0,1.0,0.0,1.0,0.0,0.0,1.0,0.0,0.0,1.0,0.0,1.0,1.0,0.0,-1.118453979983493,-1.4191386129283263,0.15355814795865744,-1.326411988170385,-1.7986935268901225
1.0,0.0,1.0,0.0,1.0,0.0,0.0,1.0,0.0,0.0,1.0,0.0,1.0,0.0,-1.8551912935637878,-0.6161130446790333,-0.2770147087271837,0.39870417226688437,-0.10941976173048713
0.0,1.0,0.0,1.0,0.0,1.0,0.0,1.0,0.0,0.0,1.0,0.0,1.0,0.0,-0.3817166664031981,0.46622576470044896,-0.6214729940758568,-0.35134633227105894,0.7858953338041192
0.0,1.0,0.0,1.0,0.0,1.0,0.0,1.0,0.0,0.0,0.0,1.0,0.0,1.0,-2.0393756219588615,-0.7906838203854013,-1.071918444147198,-1.222154968039611,0.4598654971283108
1.0,0.0,1.0,0.0,0.0,1.0,0.0,0.0,1.0,0.0,1.0,0.0,0.0,1.0,-0.013348009613050698,0.3440262217059909,-0.14453075282384795,1.1487546768048276,1.6440464065052138
1.0,0.0,1.0,0.0,0.0,1.0,0.0,1.0,0.0,0.0,1.0,0.0,1.0,0.0,-0.3817166664031981,0.08217005814643885,1.0478248503061736,0.6987243740820617,-0.30199697095868566
0.0,1.0,0.0,1.0,0.0,0.0,1.0,1.0,0.0,0.0,1.0,0.0,0.0,1.0,-1.21054614418103,-1.6635376989172415,-1.2044024000505338,1.2755132120717398,-0.8662144085220033
1.0,0.0,0.0,1.0,0.0,0.0,1.0,0.0,0.0,1.0,0.0,1.0,0.0,1.0,-1.3947304725761036,-0.2669714932662972,-0.14453075282384795,0.998744575897239,-1.0368310588031262
0.0,1.0,0.0,1.0,1.0,0.0,0.0,0.0,1.0,0.0,0.0,1.0,1.0,0.0,-1.3947304725761036,-0.09240071755992917,-1.2044024000505338,0.17368902090550137,-0.40842121816374194
1.0,0.0,1.0,0.0,0.0,0.0,1.0,0.0,0.0,1.0,1.0,0.0,0.0,1.0,-0.013348009613050698,-1.1398253717981373,-0.14453075282384795,-0.6513665340862362,-0.660123009172528
1.0,0.0,0.0,1.0,0.0,0.0,1.0,1.0,0.0,0.0,1.0,0.0,0.0,1.0,-1.8551912935637878,-0.9652545960917692,-0.14453075282384795,-0.8013766349938249,0.4750689610147481
1.0,0.0,1.0,0.0,0.0,1.0,0.0,1.0,0.0,0.0,1.0,0.0,0.0,1.0,0.17083631878202302,1.042309324531463,0.7828569384995022,-0.12633118090967593,0.0865359950280312
0.0,1.0,0.0,1.0,0.0,1.0,0.0,1.0,0.0,0.0,0.0,1.0,1.0,0.0,0.8854715129549096,0.911381242751687,0.18667913693449137,0.049930687656740295,0.32472359591554045
0.0,1.0,1.0,0.0,0.0,0.0,1.0,0.0,1.0,0.0,1.0,0.0,1.0,0.0,-1.671006965168714,-2.3618208017427134,-0.14453075282384795,-0.7263715845400306,-1.8611966562010287
1.0,0.0,0.0,1.0,0.0,1.0,0.0,1.0,0.0,0.0,1.0,0.0,0.0,1.0,-1.3947304725761036,-1.4889669232108733,-1.071918444147198,-0.8013766349938249,-0.2766578644812902
1.0,0.0,1.0,0.0,0.0,1.0,0.0,1.0,0.0,0.0,1.0,0.0,0.0,1.0,-0.3817166664031981,0.5185969974123589,0.25292111488615926,0.39870417226688437,-0.30199697095868566
1.0,0.0,0.0,1.0,0.0,0.0,1.0,1.0,0.0,0.0,1.0,0.0,0.0,1.0,-0.473808830600735,-0.2669714932662972,-0.012046796920512217,0.9237395254434446,-1.197312066493292
1.0,0.0,1.0,0.0,0.0,1.0,0.0,1.0,0.0,0.0,1.0,0.0,0.0,1.0,-1.1737092785020153,-0.43106802243028336,-1.310389564773202,-0.42635138272485323,0.07133253114159392
0.0,1.0,0.0,1.0,0.0,1.0,0.0,1.0,0.0,0.0,1.0,0.0,1.0,0.0,-0.5659009947982718,-0.3542568811194812,-0.14453075282384795,-0.8013766349938249,-0.9152033477116326
0.0,1.0,0.0,1.0,0.0,0.0,1.0,0.0,0.0,1.0,1.0,0.0,0.0,1.0,-1.3947304725761036,-1.2271107596513213,-1.4693703118572052,-0.42635138272485323,-0.4911956326565644
0.0,1.0,1.0,0.0,1.0,0.0,0.0,1.0,0.0,0.0,1.0,0.0,1.0,0.0,-0.05939409171181913,0.378940376847265,0.7735830615862695,-0.8763816854476192,0.3449948810974544
0.0,1.0,0.0,1.0,0.0,1.0,0.0,1.0,0.0,0.0,0.0,1.0,0.0,1.0,0.6312971397697074,-0.25300583120978803,-0.14453075282384795,-0.5763614836324419,1.272406178170096
0.0,1.0,0.0,1.0,0.0,1.0,0.0,1.0,0.0,0.0,0.0,1.0,0.0,1.0,-0.013348009613050698,0.16945544599962287,-0.2770147087271837,0.1286859906332252,-1.4760422377446316
0.0,1.0,0.0,1.0,0.0,0.0,1.0,0.0,0.0,1.0,1.0,0.0,1.0,0.0,1.5522187817450759,2.168290827837537,-0.2107727307755158,1.0017447779153912,-0.4743028950049678
0.0,1.0,0.0,1.0,0.0,0.0,1.0,1.0,0.0,0.0,1.0,0.0,0.0,1.0,0.4471128113746336,-0.5288276568258492,0.385405070789495,-1.288909462943488,-0.6466088190512511
0.0,1.0,0.0,1.0,0.0,1.0,0.0,1.0,0.0,0.0,0.0,1.0,1.0,0.0,0.35502064717709675,1.129594712384647,-0.012046796920512217,1.5987849795275937,-0.7901970890898204
0.0,1.0,0.0,1.0,0.0,1.0,0.0,1.0,0.0,0.0,1.0,0.0,1.0,0.0,0.9692753823746677,-0.10200211022377936,0.6066532771480658,1.223759727258622,-0.31044333978448335
0.0,1.0,0.0,1.0,0.0,1.0,0.0,1.0,0.0,0.0,1.0,0.0,1.0,0.0,0.6276134532018053,1.129594712384647,0.12043715898282352,-0.040075372887812044,0.1439713030434582
1.0,0.0,1.0,0.0,0.0,1.0,0.0,1.0,0.0,0.0,1.0,0.0,1.0,0.0,1.5522187817450759,0.6058823852655429,0.915340894402838,0.17368902090550137,1.8754769123320845
1.0,0.0,1.0,0.0,1.0,0.0,0.0,1.0,0.0,0.0,1.0,0.0,1.0,0.0,-0.19753233800812442,0.16945544599962287,-0.2770147087271837,0.17368902090550137,-0.7479652449608295
0.0,1.0,0.0,1.0,0.0,0.0,1.0,0.0,0.0,1.0,0.0,1.0,1.0,0.0,-0.28962450220566127,1.2168801002378309,-0.14453075282384795,-0.2763412818172646,-0.7733043514382238
0.0,1.0,0.0,1.0,0.0,0.0,1.0,1.0,0.0,0.0,1.0,0.0,0.0,1.0,0.3448905091153677,0.5168512896552956,-0.06504037928184726,-0.35134633227105894,1.588300372254946
0.0,1.0,0.0,1.0,0.0,1.0,0.0,1.0,0.0,0.0,1.0,0.0,0.0,1.0,0.6312971397697074,-0.005115329706745162,-1.071918444147198,-0.20133623136347029,-0.3374717200270382
0.0,1.0,0.0,1.0,0.0,0.0,1.0,1.0,0.0,0.0,1.0,0.0,1.0,0.0,0.5392049755721704,-0.2669714932662972,-0.012046796920512217,1.223759727258622,-0.2918613283677275
0.0,1.0,0.0,1.0,0.0,1.0,0.0,1.0,0.0,0.0,1.0,0.0,1.0,0.0,1.6443109459426128,2.089733978769671,2.1076964975328596,1.448774878620005,0.9801618167974783
0.0,1.0,0.0,1.0,0.0,1.0,0.0,1.0,0.0,0.0,0.0,1.0,1.0,0.0,1.5374840354734702,2.0748954628346294,1.4717735091968485,0.45420790960269175,2.356919935402582
0.0,1.0,0.0,1.0,1.0,0.0,0.0,1.0,0.0,0.0,1.0,0.0,1.0,0.0,-1.3947304725761036,-1.4016815353576892,-0.6744665764371909,-0.9513867359014135,-0.6263375338693348
1.0,0.0,1.0,0.0,0.0,1.0,0.0,1.0,0.0,0.0,1.0,0.0,1.0,0.0,-1.4868226367736403,-1.9253938624767934,-1.2044024000505338,-0.6513665340862362,-1.8206540858371971
1.0,0.0,1.0,0.0,1.0,0.0,0.0,1.0,0.0,0.0,0.0,1.0,1.0,0.0,-0.05939409171181913,0.0647129805758018,0.42515025756049535,0.5787162933559912,1.4818761250498897
1.0,0.0,1.0,0.0,0.0,1.0,0.0,1.0,0.0,0.0,1.0,0.0,1.0,0.0,1.5706372145845835,0.640796540406817,0.10586392383345666,-0.8313786551753425,0.042614877133879826
0.0,1.0,0.0,1.0,0.0,0.0,1.0,0.0,0.0,1.0,1.0,0.0,0.0,1.0,0.24451005014005225,-0.45899934654330227,0.8133282483572699,-1.286659311429874,1.11192517047993
1.0,0.0,1.0,0.0,0.0,0.0,1.0,1.0,0.0,0.0,1.0,0.0,0.0,1.0,-0.10544017381058755,-0.1796861054131132,-0.8069505323405266,-0.9513867359014135,-0.05536300124537875
1.0,0.0,1.0,0.0,0.0,1.0,0.0,1.0,0.0,0.0,0.0,1.0,1.0,0.0,-0.5843194276377794,0.20436960114089697,-0.197524335185183,0.7482277073815656,0.3568197974535731
0.0,1.0,0.0,1.0,0.0,0.0,1.0,1.0,0.0,0.0,0.0,1.0,1.0,0.0,1.8284952743376865,-0.09240071755992917,1.9752125416295239,1.1487546768048276,1.7825668552483052
1.0,0.0,1.0,0.0,0.0,1.0,0.0,1.0,0.0,0.0,0.0,1.0,1.0,0.0,0.2260916173005446,0.20436960114089697,1.6175058606905168,-0.9513867359014135,0.24870627648335636
1.0,0.0,1.0,0.0,0.0,1.0,0.0,1.0,0.0,0.0,1.0,0.0,1.0,0.0,-0.473808830600735,0.5185969974123589,-0.14453075282384795,-0.42635138272485323,-0.969260108196741
0.0,1.0,0.0,1.0,0.0,1.0,0.0,1.0,0.0,0.0,1.0,0.0,0.0,1.0,-0.3448798007241835,0.0996271357170759,-0.8069505323405266,-1.0968965337817744,1.1913210374424328
0.0,1.0,0.0,1.0,0.0,1.0,0.0,1.0,0.0,0.0,1.0,0.0,1.0,0.0,-1.9472834577613247,-1.4715098456402362,1.7102446298228524,0.11968538457876954,-1.5098277130478248
0.0,1.0,0.0,1.0,0.0,1.0,0.0,1.0,0.0,0.0,1.0,0.0,0.0,1.0,-0.3817166664031981,0.08217005814643885,-0.012046796920512217,-0.35134633227105894,-0.7665472563775855
0.0,1.0,0.0,1.0,0.0,0.0,1.0,0.0,0.0,1.0,0.0,1.0,1.0,0.0,0.4471128113746336,-0.2669714932662972,1.5115186959678486,0.39870417226688437,-1.3088041349938286
1.0,0.0,1.0,0.0,0.0,0.0,1.0,1.0,0.0,0.0,1.0,0.0,1.0,0.0,-2.407744278749009,-2.0999646381831614,-0.8069505323405266,1.8238001308889766,-1.4929349753962282
1.0,0.0,1.0,0.0,0.0,1.0,0.0,1.0,0.0,0.0,1.0,0.0,1.0,0.0,0.2629284829795599,0.6931677731187269,-0.14453075282384795,0.773729424535856,0.008829401830687833
1.0,0.0,1.0,0.0,0.0,1.0,0.0,1.0,0.0,0.0,1.0,0.0,1.0,0.0,1.717984677300642,0.6582536179774529,0.9550860811738383,1.8087991207982175,-1.1364982109475452
1.0,0.0,1.0,0.0,0.0,1.0,0.0,1.0,0.0,0.0,1.0,0.0,0.0,1.0,-0.5659009947982718,1.304165488091015,0.04094678544082283,-1.6346827455354798,-0.002995514525429663
1.0,0.0,0.0,1.0,0.0,0.0,1.0,1.0,0.0,0.0,1.0,0.0,0.0,1.0,-1.1921277113415223,-0.2669714932662972,-1.071918444147198,0.47370922272067867,-0.6398517239906127
0.0,1.0,0.0,1.0,0.0,1.0,0.0,1.0,0.0,0.0,0.0,1.0,0.0,1.0,-1.4343301031810445,0.7507761291018281,-0.8201989279308604,-1.240156180148522,0.6355499687049115
0.0,1.0,0.0,1.0,0.0,1.0,0.0,1.0,0.0,0.0,1.0,0.0,0.0,1.0,0.5392049755721704,-0.7033984325322172,-1.3368863559538695,0.8487344749896503,-1.619630507783201
1.0,0.0,0.0,1.0,0.0,0.0,1.0,1.0,0.0,0.0,0.0,1.0,1.0,0.0,-1.3026383083785666,-0.2669714932662972,-0.8069505323405266,-0.20133623136347029,-1.5250311769342608
1.0,0.0,0.0,1.0,0.0,0.0,1.0,1.0,0.0,0.0,1.0,0.0,0.0,1.0,-0.19753233800812442,0.16945544599962287,0.385405070789495,-1.4239185537603176,-1.2192726254403676
1.0,0.0,1.0,0.0,0.0,1.0,0.0,1.0,0.0,0.0,0.0,1.0,0.0,1.0,-0.8421774873908824,-0.4415422689726652,-0.8069505323405266,-0.8013766349938249,-0.23273674658714
0.0,1.0,0.0,1.0,0.0,0.0,1.0,0.0,0.0,1.0,1.0,0.0,1.0,0.0,1.782449192238918,-0.16222902784247614,0.17343074134415856,-1.026391786355208,-0.42869250334565834
0.0,1.0,0.0,1.0,0.0,0.0,1.0,0.0,0.0,1.0,0.0,1.0,1.0,0.0,1.0917579607573915,-0.4415422689726652,1.2465507841611772,-0.20133623136347029,1.0088794708051922
1.0,0.0,1.0,0.0,0.0,0.0,1.0,0.0,0.0,1.0,0.0,1.0,0.0,1.0,1.5706372145845835,0.291654988994081,-0.14453075282384795,0.548714273174473,-1.606116317661924
1.0,0.0,0.0,1.0,0.0,1.0,0.0,1.0,0.0,0.0,0.0,1.0,1.0,0.0,0.5392049755721704,2.700731693741959,1.7102446298228524,1.223759727258622,1.4497799235118571
0.0,1.0,0.0,1.0,0.0,1.0,0.0,0.0,0.0,1.0,1.0,0.0,0.0,1.0,-0.013348009613050698,2.1770193666228552,-1.071918444147198,-1.326411988170385,-0.579037868444866
1.0,0.0,1.0,0.0,1.0,0.0,0.0,0.0,1.0,0.0,0.0,1.0,0.0,1.0,-0.6579931589958087,-0.2669714932662972,-1.3368863559538695,0.548714273174473,-0.9456102754845059
0.0,1.0,0.0,1.0,0.0,0.0,1.0,0.0,0.0,1.0,1.0,0.0,1.0,0.0,-0.3817166664031981,0.08217005814643885,-0.2770147087271837,0.17368902090550137,0.7149458356674142
0.0,1.0,0.0,1.0,0.0,0.0,1.0,0.0,0.0,1.0,1.0,0.0,1.0,0.0,1.3680344533500022,-0.4415422689726652,-0.5419826205338552,1.223759727258622,0.5443291853862926
1.0,0.0,0.0,1.0,0.0,0.0,1.0,0.0,0.0,1.0,1.0,0.0,0.0,1.0,-0.473808830600735,-0.5000234788342987,-0.249193077987484,-0.7263715845400306,-0.3729464690953895
0.0,1.0,0.0,1.0,0.0,1.0,0.0,1.0,0.0,0.0,1.0,0.0,1.0,0.0,1.1838501249549285,0.6058823852655429,1.1803088062095093,-0.8763816854476192,-0.5824164159751846
0.0,1.0,0.0,1.0,0.0,1.0,0.0,1.0,0.0,0.0,0.0,1.0,1.0,0.0,0.9075736323623179,0.6058823852655429,1.9752125416295239,1.223759727258622,1.2622705355791377
1.0,0.0,0.0,1.0,0.0,1.0,0.0,1.0,0.0,0.0,0.0,1.0,1.0,0.0,-0.19753233800812442,-0.10985779513056622,0.45164704874116285,-1.2514069377165908,-0.8932427887645581
1.0,0.0,0.0,1.0,0.0,1.0,0.0,1.0,0.0,0.0,1.0,0.0,1.0,0.0,0.9996657965598548,0.955023936678279,1.8427285857261881,-0.9513867359014135,0.7588669535615656
0.0,1.0,0.0,1.0,0.0,1.0,0.0,1.0,0.0,0.0,0.0,1.0,0.0,1.0,0.6312971397697074,-0.6161130446790333,0.915340894402838,-0.9513867359014135,-0.9337853591283884
0.0,1.0,0.0,1.0,0.0,0.0,1.0,0.0,0.0,1.0,0.0,1.0,1.0,0.0,0.9444104980413331,-0.5288276568258492,-0.1789765813587159,1.448774878620005,0.23519208636207836
0.0,1.0,0.0,1.0,0.0,1.0,0.0,1.0,0.0,0.0,1.0,0.0,0.0,1.0,-1.0631986814649708,-1.3143961475045054,-1.138160422098866,-1.1291487054769058,0.08315744749771141
1.0,0.0,1.0,0.0,0.0,1.0,0.0,1.0,0.0,0.0,0.0,1.0,1.0,0.0,-0.17911390516861678,-0.40662811383139175,-0.17102754400451547,1.5537819492553173,-0.8256718381581717
0.0,1.0,0.0,1.0,0.0,0.0,1.0,1.0,0.0,0.0,0.0,1.0,1.0,0.0,1.3404068040907413,-0.2669714932662972,0.12043715898282352,0.998744575897239,1.3467342238371194
0.0,1.0,0.0,1.0,0.0,0.0,1.0,0.0,0.0,1.0,1.0,0.0,1.0,0.0,1.2759422891524652,0.16945544599962287,-0.2770147087271837,1.5237799290737992,0.056129067255157816
1.0,0.0,0.0,1.0,0.0,1.0,0.0,1.0,0.0,0.0,0.0,1.0,1.0,0.0,-0.19753233800812442,0.4749543034857669,-0.4359954558111869,-1.1764018872627966,-0.950678096779985
1.0,0.0,1.0,0.0,0.0,1.0,0.0,1.0,0.0,0.0,0.0,1.0,1.0,0.0,-0.3817166664031981,-0.5288276568258492,-1.2044024000505338,0.39870417226688437,-1.2969792186377112
1.0,0.0,1.0,0.0,0.0,1.0,0.0,1.0,0.0,0.0,1.0,0.0,1.0,0.0,-0.8421774873908824,-0.3542568811194812,-0.2770147087271837,-1.4104176446786347,-1.226029720501006
1.0,0.0,1.0,0.0,0.0,1.0,0.0,1.0,0.0,0.0,1.0,0.0,1.0,0.0,0.0013867366585548846,0.5622396913389509,-0.36312928006435174,-1.4734218870598221,0.5561541017424089
0.0,1.0,0.0,1.0,0.0,1.0,0.0,1.0,0.0,0.0,1.0,0.0,0.0,1.0,1.8284952743376865,1.8278778152101192,0.25292111488615926,1.673790029981388,0.1135643752705848
1.0,0.0,1.0,0.0,1.0,0.0,0.0,0.0,1.0,0.0,1.0,0.0,1.0,0.0,0.9075736323623179,1.740592427356935,-1.3368863559538695,-1.1764018872627966,0.31289867955942174
1.0,0.0,1.0,0.0,0.0,0.0,1.0,0.0,0.0,1.0,1.0,0.0,0.0,1.0,-1.0263618157859562,-1.2271107596513213,-1.8668221795672124,-0.5013564331786475,-0.47261362123980855
1.0,0.0,0.0,1.0,0.0,0.0,1.0,0.0,0.0,1.0,1.0,0.0,0.0,1.0,-0.7500853231933455,-0.1796861054131132,-1.071918444147198,0.9237395254434446,-1.1702836862507384
0.0,1.0,0.0,1.0,0.0,0.0,1.0,0.0,0.0,1.0,1.0,0.0,0.0,1.0,1.1838501249549285,0.3440262217059909,0.7828569384995022,1.0737496263510333,1.4886332201105295
1.0,0.0,0.0,1.0,0.0,1.0,0.0,1.0,0.0,0.0,0.0,1.0,0.0,1.0,0.5392049755721704,-0.1796861054131132,1.4452767180161807,-0.5763614836324419,-0.2107761876400655
0.0,1.0,0.0,1.0,0.0,1.0,0.0,1.0,0.0,0.0,1.0,0.0,1.0,0.0,-1.3947304725761036,-0.9652545960917692,-1.2971411691828691,-1.026391786355208,0.42439074805995713
0.0,1.0,0.0,1.0,0.0,0.0,1.0,0.0,0.0,1.0,0.0,1.0,1.0,0.0,0.069534938164733,-0.3542568811194812,0.12043715898282352,-1.0938963317636228,2.2775240684400773
0.0,1.0,0.0,1.0,0.0,1.0,0.0,1.0,0.0,0.0,1.0,0.0,0.0,1.0,0.17083631878202302,-0.09240071755992917,-1.2044024000505338,0.02367891999791271,-1.0858199979927567
0.0,1.0,0.0,1.0,1.0,0.0,0.0,0.0,1.0,0.0,1.0,0.0,0.0,1.0,-1.5789148009711773,-2.5363915774490815,-1.8668221795672124,-0.5763614836324419,-1.0334525112728075
0.0,1.0,0.0,1.0,0.0,1.0,0.0,1.0,0.0,0.0,0.0,1.0,0.0,1.0,0.17083631878202302,-0.3542568811194812,0.385405070789495,-0.42635138272485323,0.02065431818680533
0.0,1.0,0.0,1.0,0.0,0.0,1.0,0.0,1.0,0.0,1.0,0.0,0.0,1.0,-0.473808830600735,-1.3143961475045054,-1.8668221795672124,-0.3183441100713896,0.0916038163235103
1.0,0.0,1.0,0.0,0.0,0.0,1.0,0.0,0.0,1.0,0.0,1.0,1.0,0.0,1.3680344533500022,-0.1796861054131132,-0.012046796920512217,-0.42635138272485323,-0.014820430881547159
1.0,0.0,1.0,0.0,0.0,0.0,1.0,0.0,0.0,1.0,1.0,0.0,0.0,1.0,0.21688240088079144,0.3440262217059909,0.7828569384995022,-1.1614008771720374,-1.25474737450872
1.0,0.0,1.0,0.0,0.0,1.0,0.0,1.0,0.0,0.0,1.0,0.0,0.0,1.0,-1.3947304725761036,-0.7906838203854013,-2.025802926651216,-0.42635138272485323,0.09498236385382891
0.0,1.0,0.0,1.0,0.0,0.0,1.0,0.0,0.0,1.0,0.0,1.0,1.0,0.0,1.5522187817450759,1.129594712384647,0.25292111488615926,0.8487344749896503,0.7537991322660865
0.0,1.0,1.0,0.0,0.0,1.0,0.0,1.0,0.0,0.0,1.0,0.0,1.0,0.0,-0.28962450220566127,0.3614832992766279,-0.6744665764371909,-1.7014372404393567,0.045993424664199624
1.0,0.0,1.0,0.0,0.0,1.0,0.0,1.0,0.0,0.0,0.0,1.0,0.0,1.0,-0.10544017381058755,0.8677385488250949,0.7828569384995022,0.8487344749896503,-0.5536987619674705
0.0,1.0,0.0,1.0,0.0,0.0,1.0,0.0,0.0,1.0,0.0,1.0,0.0,1.0,1.5522187817450759,0.780453160971911,0.385405070789495,-0.8013766349938249,0.022343591951964628
1.0,0.0,1.0,0.0,0.0,1.0,0.0,1.0,0.0,0.0,1.0,0.0,1.0,0.0,0.5392049755721704,1.129594712384647,0.7828569384995022,1.399271545320501,-0.1584087009201164
1.0,0.0,1.0,0.0,0.0,1.0,0.0,1.0,0.0,0.0,1.0,0.0,1.0,0.0,0.9075736323623179,1.8278778152101192,-0.9394344882438623,-0.35134633227105894,1.0815182427070553
1.0,0.0,0.0,1.0,0.0,0.0,1.0,0.0,0.0,1.0,1.0,0.0,1.0,0.0,-1.3394751740575812,-0.0417751926050826,0.797430173648869,-1.1313988569905198,-0.940542454189028
0.0,1.0,0.0,1.0,0.0,1.0,0.0,1.0,0.0,0.0,1.0,0.0,0.0,1.0,-1.0005760098106458,-0.28181000920133864,-0.8347721630802273,-0.9513867359014135,-0.8341182069839707
0.0,1.0,0.0,1.0,0.0,0.0,1.0,0.0,1.0,0.0,0.0,1.0,1.0,0.0,0.714180087547491,-0.7906838203854013,-0.5419826205338552,0.548714273174473,-0.24456166294325749
1.0,0.0,1.0,0.0,0.0,1.0,0.0,1.0,0.0,0.0,1.0,0.0,1.0,0.0,-1.118453979983493,0.08217005814643885,-0.2770147087271837,-0.9513867359014135,0.8534662844105055
0.0,1.0,0.0,1.0,0.0,1.0,0.0,1.0,0.0,0.0,0.0,1.0,0.0,1.0,-0.473808830600735,-0.3542568811194812,-0.8069505323405266,-0.7263715845400306,-1.663551625677351
0.0,1.0,0.0,1.0,0.0,0.0,1.0,1.0,0.0,0.0,1.0,0.0,1.0,0.0,1.6314180429549576,0.08217005814643885,1.5777606739195165,1.7112925552082852,1.06462550505546
1.0,0.0,0.0,1.0,0.0,0.0,1.0,1.0,0.0,0.0,1.0,0.0,0.0,1.0,-2.2235599503539354,-0.5288276568258492,-0.14453075282384795,1.4982782119195088,0.1169429228009046
1.0,0.0,0.0,1.0,0.0,1.0,0.0,1.0,0.0,0.0,0.0,1.0,1.0,0.0,0.9480941846092339,2.264304754476039,0.7828569384995022,1.5987849795275937,0.8281271779331101
0.0,1.0,0.0,1.0,0.0,0.0,1.0,0.0,0.0,1.0,1.0,0.0,0.0,1.0,0.07874415458448616,-0.8779692082385853,0.25292111488615926,0.02367891999791271,0.9869189118581154
0.0,1.0,0.0,1.0,0.0,0.0,1.0,0.0,0.0,1.0,1.0,0.0,0.0,1.0,1.548535095177174,-1.1398253717981373,3.300052100662881,-1.0023901702099938,1.2639598093442959
0.0,1.0,0.0,1.0,0.0,1.0,0.0,1.0,0.0,0.0,1.0,0.0,0.0,1.0,-0.5659009947982718,0.3440262217059909,-0.2770147087271837,-0.31384380704416176,-0.460788704883691
1.0,0.0,0.0,1.0,0.0,0.0,1.0,1.0,0.0,0.0,1.0,0.0,0.0,1.0,0.6312971397697074,-0.5288276568258492,0.385405070789495,0.39870417226688437,0.5629111968030485
0.0,1.0,0.0,1.0,0.0,1.0,0.0,1.0,0.0,0.0,1.0,0.0,0.0,1.0,1.3680344533500022,2.089733978769671,2.2401804534361953,0.548714273174473,1.9075731138701173
1.0,0.0,1.0,0.0,0.0,0.0,1.0,1.0,0.0,0.0,1.0,0.0,0.0,1.0,0.7418077368067518,0.6233394628361799,0.3059146972474943,-0.5763614836324419,0.1270785653918616
0.0,1.0,0.0,1.0,0.0,0.0,1.0,0.0,0.0,1.0,0.0,1.0,1.0,0.0,0.5613070949795789,-1.3292346634395467,-0.24124404063328356,-0.6513665340862362,0.6760925390687443
0.0,1.0,0.0,1.0,0.0,0.0,1.0,0.0,0.0,1.0,1.0,0.0,1.0,0.0,-0.8421774873908824,-0.5288276568258492,0.7828569384995022,0.09868397045170704,-1.4540816787975572
0.0,1.0,0.0,1.0,0.0,0.0,1.0,0.0,0.0,1.0,1.0,0.0,0.0,1.0,-0.6616768455637101,-2.0859989761266524,-0.6400207479023239,-1.3654146144063586,0.5493970066817717
1.0,0.0,0.0,1.0,0.0,0.0,1.0,1.0,0.0,0.0,1.0,0.0,1.0,0.0,0.6312971397697074,-0.3542568811194812,0.25292111488615926,0.09868397045170704,-0.7158690434227957
0.0,1.0,0.0,1.0,0.0,1.0,0.0,1.0,0.0,0.0,1.0,0.0,1.0,0.0,-0.3817166664031981,-0.3542568811194812,0.25292111488615926,-0.6513665340862362,0.03923632960356122
1.0,0.0,1.0,0.0,0.0,1.0,0.0,1.0,0.0,0.0,1.0,0.0,0.0,1.0,-0.10544017381058755,-0.3542568811194812,0.915340894402838,-1.1013968368090021,0.36019834498389175
0.0,1.0,0.0,1.0,0.0,1.0,0.0,1.0,0.0,0.0,1.0,0.0,1.0,0.0,1.0917579607573915,0.8677385488250949,2.5051483652428668,1.673790029981388,1.1541570146089208
1.0,0.0,1.0,0.0,0.0,1.0,0.0,1.0,0.0,0.0,1.0,0.0,1.0,0.0,0.07874415458448616,0.8677385488250949,1.0478248503061736,0.548714273174473,0.23012426506660047
1.0,0.0,1.0,0.0,0.0,0.0,1.0,0.0,0.0,1.0,0.0,1.0,0.0,1.0,1.8284952743376865,0.6931677731187269,-0.14453075282384795,0.17368902090550137,1.6997924407554839
1.0,0.0,0.0,1.0,0.0,1.0,0.0,1.0,0.0,0.0,0.0,1.0,1.0,0.0,1.490517031732726,1.042309324531463,-0.6744665764371909,1.1907575050589527,1.5747861821336693
1.0,0.0,1.0,0.0,0.0,0.0,1.0,0.0,0.0,1.0,0.0,1.0,1.0,0.0,1.0457118786586233,-0.048758023633337165,0.12043715898282352,1.673790029981388,0.4446620332418735
1.0,0.0,0.0,1.0,0.0,1.0,0.0,1.0,0.0,0.0,0.0,1.0,1.0,0.0,0.879945983103057,2.0635483624137163,-0.012046796920512217,1.2987647777124163,1.0680040525857786
1.0,0.0,1.0,0.0,0.0,0.0,1.0,0.0,0.0,1.0,1.0,0.0,0.0,1.0,1.0917579607573915,0.8677385488250949,-0.06504037928184726,-1.1013968368090021,-1.1415660322430243
1.0,0.0,1.0,0.0,0.0,1.0,0.0,1.0,0.0,0.0,1.0,0.0,1.0,0.0,-0.05939409171181913,-0.3106141871928892,-0.6877149720275246,1.5537819492553173,-1.215894077910048
0.0,1.0,0.0,1.0,0.0,1.0,0.0,1.0,0.0,0.0,1.0,0.0,0.0,1.0,-1.055831308329168,-0.41273809098111464,-1.2216253143179678,-0.5013564331786475,-0.6635015567028477
1.0,0.0,0.0,1.0,0.0,0.0,1.0,0.0,0.0,1.0,0.0,1.0,1.0,0.0,1.1221483749425787,1.0711135025230136,1.5088690168497825,1.036247101124136,0.6845389078945421
0.0,1.0,0.0,1.0,0.0,1.0,0.0,1.0,0.0,0.0,1.0,0.0,0.0,1.0,-2.417874416810738,-1.7656616027054668,-1.7343382236638767,-0.11133017081891687,0.5510862804469298
1.0,0.0,1.0,0.0,1.0,0.0,0.0,1.0,0.0,0.0,0.0,1.0,0.0,1.0,-2.1314677861563984,-0.7033984325322172,-1.4693703118572052,-0.6326152714727876,-0.6229589863390161
1.0,0.0,0.0,1.0,0.0,1.0,0.0,1.0,0.0,0.0,1.0,0.0,1.0,0.0,-0.473808830600735,-0.09240071755992917,-0.8069505323405266,0.8487344749896503,0.32472359591554045
1.0,0.0,1.0,0.0,0.0,1.0,0.0,1.0,0.0,0.0,1.0,0.0,1.0,0.0,-0.19753233800812442,-0.09240071755992917,1.1803088062095093,0.773729424535856,-0.5672129520887484
1.0,0.0,1.0,0.0,0.0,0.0,1.0,0.0,0.0,1.0,0.0,1.0,0.0,1.0,0.5392049755721704,1.042309324531463,0.915340894402838,0.9237395254434446,0.6085215884623579
1.0,0.0,0.0,1.0,0.0,1.0,0.0,0.0,0.0,1.0,1.0,0.0,1.0,0.0,-1.21054614418103,1.391450875944199,-0.4094986646305194,-1.7014372404393567,-0.4658565261791701
1.0,0.0,1.0,0.0,0.0,1.0,0.0,1.0,0.0,0.0,0.0,1.0,1.0,0.0,0.0971625874239938,0.5884253076949059,0.06744357662148846,1.7487950804351822,1.4565370185724944
1.0,0.0,1.0,0.0,0.0,0.0,1.0,0.0,1.0,0.0,1.0,0.0,0.0,1.0,-0.6948300246748234,-1.3143961475045054,-0.8069505323405266,0.17368902090550137,-0.531738203020396
1.0,0.0,1.0,0.0,0.0,0.0,1.0,0.0,0.0,1.0,1.0,0.0,0.0,1.0,0.2629284829795599,-0.2669714932662972,-0.012046796920512217,-0.8553802713205567,-0.35774300520895336
1.0,0.0,1.0,0.0,0.0,1.0,0.0,1.0,0.0,0.0,1.0,0.0,1.0,0.0,-0.9711065172674339,-0.10985779513056622,0.5443858178734983,0.8689858386121745,0.8399520942892288
1.0,0.0,0.0,1.0,0.0,0.0,1.0,0.0,0.0,1.0,0.0,1.0,0.0,1.0,-0.28962450220566127,0.08217005814643885,0.46489544433149566,-1.2761586043663429,1.564650539542711
1.0,0.0,0.0,1.0,0.0,0.0,1.0,1.0,0.0,0.0,1.0,0.0,0.0,1.0,-0.473808830600735,-0.7033984325322172,-1.7343382236638767,1.223759727258622,-0.33916099379219744
0.0,1.0,0.0,1.0,0.0,1.0,0.0,1.0,0.0,0.0,1.0,0.0,0.0,1.0,-0.473808830600735,-0.09240071755992917,-0.012046796920512217,-1.7014372404393567,-0.9337853591283884
0.0,1.0,0.0,1.0,0.0,1.0,0.0,1.0,0.0,0.0,1.0,0.0,1.0,0.0,-0.49222726344024265,-1.6635376989172415,-1.5515103645172732,-1.1764018872627966,-1.0300739637424878
0.0,1.0,0.0,1.0,0.0,1.0,0.0,1.0,0.0,0.0,1.0,0.0,1.0,0.0,0.7233893039672442,0.36933898418341476,0.6503729825961665,1.673790029981388,0.7960309763950774
0.0,1.0,0.0,1.0,0.0,0.0,1.0,0.0,0.0,1.0,1.0,0.0,1.0,0.0,-0.558533621662469,-1.4016815353576892,-1.601854267760541,-0.12633118090967593,0.584871755750123
1.0,0.0,1.0,0.0,0.0,1.0,0.0,1.0,0.0,0.0,1.0,0.0,0.0,1.0,-0.473808830600735,-1.6635376989172415,-2.131790091373884,0.2486940713592957,-1.2277189942661655
1.0,0.0,1.0,0.0,0.0,0.0,1.0,1.0,0.0,0.0,1.0,0.0,1.0,0.0,-0.6368119612303755,0.2567408338528069,-0.012046796920512217,-0.05132613045588162,-0.4658565261791701
1.0,0.0,1.0,0.0,0.0,0.0,1.0,0.0,0.0,1.0,1.0,0.0,0.0,1.0,0.9812473637203472,-0.1796861054131132,-0.25051791754651614,0.21119154613239852,1.6744533342780883
0.0,1.0,0.0,1.0,0.0,1.0,0.0,1.0,0.0,0.0,0.0,1.0,1.0,0.0,0.9075736323623179,-0.4415422689726652,0.25292111488615926,-1.1388993620358994,-0.15503015338979662
